{
        "intents": [
                {
                        "tag": "greeting",
                        "patterns": [
                                "Hi",
                                "hiiii",
                                "How are you",
                                "Is anyone there?",
                                "Hello",
                                "Good day",
                                "Whats up",
                                "Hey there",
                                "hey chatbot"
                        ],
                        "responses": [
                                "Hi there, how can I help?"
                        ],
                        "context_set": [""]
                },
                {
                        "tag": "timepass",
                        "patterns": [
                                "what are you doing?",
                                "what you doing"
                        ],
                        "responses": [
                                "I am helping you:) Hope you like my guidance"
                        ],
                        "context_set": [""]
                },
                {
                        "tag": "married",
                        "patterns": [
                                "are you married?",
                                "Do you have a boyfriend"
                        ],
                        "responses": [
                                "Yes I'm married to technology"
                        ],
                        "context_set": [""]
                },
                {
                        "tag": "bored",
                        "patterns": [
                                "are you bored",
                                "am i boring you"
                        ],
                        "responses": [
                                "No I am glad to help you"
                        ],
                        "context_set": [""]
                },
                {
                        "tag": "goodbye",
                        "patterns": [
                                "bye",
                                "See you later",
                                "Goodbye",
                                "I am Leaving",
                                "Have a Good day"
                        ],
                        "responses": [
                                "Farewell, hope I was of help! :)"
                        ],
                        "context_set": [""]
                },
                {
                        "tag": "identity",
                        "patterns": [
                                "who are you?",
                                "what are you"
                        ],
                        "responses": [
                                "I am an AI Chatbot for O2i, my work is to talk to you after analyzing what you have asked me and give you information about us."
                        ],
                        "context_set": [""]
                },
                {
                        "tag": "after10th",
                        "patterns": [
                                "i have completed tenth",
                                "what to do next",
                                "tenth","10",
                                "what to do after 10th?",
                                "What to do after tenth?",
                                "career paths after 10th",
                                "what to do after high school?",
                                "Intermediate Options?"
                        ],
                        "responses": [
                                " There are many options to pursue after tenth.\nGo to college....\nEarn a degree online....\nStart working....\nStudy abroad....\nJoin the military....\nPick a trade school....\nTake a gap year....\nStart a business.\n https://leverageedu.com/blog/list-of-courses-after-10th-standard/"
                        ],
                        "context_set": [" What do you wanna choose? What are yor interests?"]
                },
    
                {
                        "tag": "intermediate",
                        "patterns": [
                                "what courses to choose in intermediate",
                                "what to take in intermediate",
                                "different options for intermediate",
                                "which group is best for intermediate",
                                "which subject is best for intermediate",
                                "what to choose for 11th and 12th",
                                "which group in inter",
                                "mpc or bipc or cec",
                                "mpc or bipc",
                                "mpc or cec",
                                "bipc or cec",
                                "mec or cec"
                        ],
                        "responses": [
                                "I know its difficult to choose which group after 10th. Let me help you --> http://entrance-exam.net/forum/general-discussion/group-good-take-intermediate-better-future-2201108.html#:~:text=If%20you%20are%20interested%20in,Tech."
                        ],
                        "context_set": [""]
                },
                {
                        "tag" : "inter",
                        "patterns" : ["what to do after intermediate",
                        "what to do next",
                        "i completed intermediate"],
                        "responses":["There are plenty of options to pursue after intermediate.BBA- Bachelor of Business Administration\nBMS- Bachelor of Management Science\nBFA- Bachelor of Fine Arts\nBEM- Bachelor of Event Management\nIntegrated Law Course- BA + LL.B\nBJMC- Bachelor of Journalism and Mass Communication\nBFD- Bachelor of Fashion Designing\nBSW- Bachelor of Social Work\nBBS- Bachelor of Business Studies"],
                         "context_set" : [""]
                },
                {
                        "tag": "enginering",
                        "patterns": [
                               
                                "best engineering college in india?",
                                "engineering colleges in india",
                                "top 3 colleges in india",
                                "top colleges in india",
                                "btech colleges in india"
                        ],
                        "responses": [
                                 "Different Colleges to pursue btech IIT Delhi\nIIT kanpur\nIIT Roorkee\nIIT Varanasi\nIIT Ropar\netc..\nAccording to webiste => career360 https://engineering.careers360.com/colleges/list-of-engineering-colleges-in-india"
                        ],
                        "context_set": [""]
                },
                {
                        "tag" : "inter_best_or_not",
                        "patterns" : ["is inter best","is intermediate best","should i choose intermediate","should i choose mpc"],
                        "responses" : ["According to Experts\nIf you are good in academics, go with intermediate, it will give you various options after having much knowledge about subjects, to pursue which degree. If you are not good in studies, you can opt- for diploma, it will give you practical knowledge and will help in jobs."],
                        "context_set":[""]
                },
                {
                        "tag": "mtech",
                        "patterns": [
                                "how is career after mtech",
                                "what to do next",
                                "life after mtech",
                                "what is i took mtech"
                        ],
                        "responses": [
                                "M Tech lets you update your current and you can also continue your current job throughout the course. It helps you to have an advanced career in both government and private sectors.One can also search for a better job abroad."
                        ],
                        "context_set": [""]
                },
                {
                        "tag": "graduation",
                        "patterns": [
                                "what to do after graduation",
                                "carrer paths after graduation",
                                "undergraduation",
                                "ms",
                                "mtech"
                        ],
                        "responses": [
                                "https://www.studyin-uk.in/india-rankings/engineering/"
                        ],
                        "context_set": [""]
                },
                {
                        "tag": "mtechcolleges",
                        "patterns": [
                                "mtech colleges in india",
                                "top mtech colleges in india",
                                "top mtech colleges in our country"
                        ],
                        "responses": [
                                "https://www.shiksha.com/engineering/colleges/m-tech-colleges-india"
                        ],
                        "context_set": [""]
                },
                {
                        "tag": "msuniversities",
                        "patterns": [
                                "universities for ms",
                                "colleges for ms",
                                "college is better",
                                "university is better"
                        ],
                        "responses": [
                                "These are the universties to pursue ms in abroad :- https://www.masterstudies.com/"
                        ],
                        "context_set": [""]
                },
                {
                        "tag": "eamcet",
                        "patterns": [
                                "eamcet colleges in telangana",
                                "top btech colleges in telangana"
                        ],
                        "responses": [
                                "https://www.google.com/search?q=btech+colleges+in+telangana&rlz=1C1RLNS_enIN989IN989&oq=btech+colleges+in+telangana&aqs=chrome..69i57j0i512l9.10652j1j7&sourceid=chrome&ie=UTF-8"
                        ],
                        "context_set": [""]
                },
                {
                        "tag": "arts",
                        "patterns": [
                                "which group to choose if we are interested in arts?",
                                "Arts group",
                                "i like arts"
                        ],
                        "responses": [
                                "You are interested in arts?? I got you. Check out this link https://www.seizeyourcareer.com/arts-stream-after-10th/"
                        ],
                        "context_set": [""]
                },
                {
                        "tag": "business",
                        "patterns": [
                                "which course to learn business",
                                "business classes online",
                                "business courses after 10th"
                        ],
                        "responses": [
                                "want to learn business?? https://www.forbes.com/sites/paulinaguditch/2020/10/12/9-of-the-best-online-business-courses-to-elevate-your-business-skills/?sh=7c366c4c8275"
                        ],
                        "context_set": [""]
                },
                {
                        "tag": "Hotel Management",
                        "patterns": [
                                "Qualification to join Hotel Management",
                                "Hotel Management course details",
                                "Top colleges for Hotel Management",
                                "Career in Hotel Management",
                                "Best colleges for Hotel Management",
                                "How to become a chef"
                        ],
                        "responses": [
                                "Wanna become a chef, dive into the link https://www.shiksha.com/hospitality-travel/hotel-hospitality-management/colleges/colleges-hyderabad"
                        ],
                        "context_set": [""]
                },
                {
                        "tag": "MBBS",
                        "patterns": [
                                "what to do after BiPC?",
                                "What to do after BPC?",
                                "Study path after BiPC",
                                "Cutoff Neet score to get into best colleges",
                                "Best colleges for MBBS",
                                "Top medical colleges",
                                "Category wise NEET cutoff score",
                                "Previous years NEET cutoff trends",
                                "Medical Colleges through eamcet"
                        ],
                        "responses": [
                                "There are different paths to pursue after BiPC...https://medicine.careers360.com/articles/neet-cut-off-for-government-colleges  and College options through eamcet https://blog.oureducation.in/top-medical-colleges-eamcet/"
                        ],
                        "context_set": [""]
                },
                {
                    "tag":"MPCinterests",
                    "patterns":[
                            "interested subjects",
                            "like mathematics",
                            "like maths",
                            "like physics",
                            "like chemistry",
                            "be an engineer"
                    ],
                    "responses":[
                            "Your interests match MPC stream"
                    ],
                    "context_set":[""]
                },
                {
                    "tag":"BiPCinterests",
                    "patterns":[
                            "interested subjects",
                            "like biology",
                            "like medicine",
                            "want to be a doctor"
                    ],
                    "responses":[
                            "Your interests match BiPC stream"
                        ],
                    "context_set":[""]
                },
                {
                    "tag":"anythingelse",
                    "patterns":[
                            "I have a question for you","I have some doubhts","help me guide","I have a dout"
                    ],
                    "responses":[
                            "what can i do for you?"
                    ],
                    "context_set":[""]
                },
                {
                        "tag" : "ilikeyou",
                        "patterns" : ["i like you"],
                        "responses" : ["i like you too you are awesome"],
                        "context_set" : [""]
                }
            ]
        }